{
	"python_version": {
		"3.9": {
			"cpu_brand": {
				"Intel": 0.86,
				"AMD": 0.71
			}
		},
		"3.11": {
			"cpu_brand": {
				"Intel": 0.912400392678881,
				"AMD": 0.912400392678881
			}
		}
	}
}
